cryo_id,extraction_id,qubit_rna_avg,qubit_dna_avg
3-Ea,ex1,0,38.8
1-CA2a,ex3,96.8,371.3333333333333
1-CH2a,ex3,37.06666666666666,192.66666666666666
2-CH1a,ex2,20.8,0
2-PH2a,ex2,77.13333333333333,58.53333333333333
3-CA1a,ex1,12.933333333333334,74.06666666666666
3-PA1a,ex3,102.33333333333333,396
3-PH1a,ex3,43.4,3.2333333333333334
