cryo_id,colony,pae_treatment,temp_treatment,tank,cryo_rep,pae_ugL,freeze_date,cull_notes,extraction_id,extr_date,buffer_date,buffer_status,qubit_rna_run_date,qubit_rna_1,qubit_rna_2,qubit_rna_3,qubit_rna_avg,qubit_dna_run_date,qubit_dna_1,qubit_dna_2,qubit_dna_3,qubit_dna_avg
3-Ea,3,environmental,kbay,na,a,na,8/5/2022,NA,ex1,4/21/2023,4/21/2023,fresh,4/25/2023,0,0,0,0,5/4/2023,39,38.4,39,38.8
1-CA2a,1,control,ambient,A2,a,0,8/17/2022,NA,ex3,5/2/2023,4/21/2023,frozen,5/3/2023,97.2,96.4,96.8,96.8,5/3/2023,378,370,366,371.3333333333333
1-CH2a,1,control,hot,H2,a,0,8/17/2022,NA,ex3,5/2/2023,4/21/2023,frozen,5/3/2023,37,36.8,37.4,37.06666666666666,5/3/2023,197,192,189,192.66666666666666
2-CH1a,2,control,hot,H1,a,0,8/17/2022,NA,ex2,5/1/2023,4/21/2023,frozen,5/2/2023,21.4,20.8,20.2,20.8,5/3/2023,0,0,0,0
2-PH2a,2,peak,hot,H2,a,150,8/17/2022,NA,ex2,5/1/2023,4/21/2023,frozen,5/2/2023,77.6,77,76.8,77.13333333333333,5/3/2023,59,58.6,58,58.53333333333333
3-CA1a,3,control,ambient,A1,a,0,8/17/2022,NA,ex1,4/21/2023,4/21/2023,fresh,4/25/2023,12.4,14,12.4,12.933333333333334,5/4/2023,72.8,75,74.4,74.06666666666666
3-PA1a,3,peak,ambient,A1,a,150,8/17/2022,NA,ex3,5/2/2023,4/21/2023,frozen,5/3/2023,102,102,103,102.33333333333333,5/3/2023,396,396,396,396
3-PH1a,3,peak,hot,H1,a,150,8/17/2022,NA,ex3,5/2/2023,4/21/2023,frozen,5/3/2023,43.4,43,43.8,43.4,5/3/2023,3.3,3.2,3.2,3.2333333333333334
